Tuple Addresses,ID,Name,Age,Salary
354050080,29824,xpdsxbxggqwlbcolowlepaiif??,117,1952604779
354050112,53156,ukbbtylokiqhdrsemdcvtvzif??,117,2003660661
354050144,99145,uuomwesfybivqgpcxgyxdwzif??,110,1903457144
354050176,40489,nxstqsxubnfjnkaincptbuaif??,115,1936941683
354050208,4869,ssbssczwioayiashtubspkpif??,109,1935898474
354050240,31998,mjwcskbnnkrypdraedajcgbif??,106,1851943794
354050272,90665,jrkbnfwnluwetffrrneawzdif??,112,1903391339
354050304,10857,pkrsqhxxudabpmzgyezpklwif??,117,1920361078
354050336,63259,uvbvrkuicjvejwijwrthgbbif??,107,1886351733
354050368,296,kuqopnxjjxqgazftsazqipiif??,113,1969778530
354050400,19248,qbohuxotyeljeaxxhmifdjvif??,112,2019980905
354050432,50855,pivfxwsfjklxfowhtvszkmuif??,101,1701867368
354050464,80048,ehopepkpzvuyzzrjjbdmctaif??,104,1667917942
354050496,19636,hvhjcdeapipszawhcazlfirif??,119,1768319607
354050528,53146,wwjfigektsernwwicrpdzemif??,101,1651926123
354050560,28812,ekdvbxvsdojmbhuczjyefhfif??,103,1903518324
354050592,8319,gtbuqmnizzavxrhvonprdjqif??,102,1735227760
354050624,47152,fpymgjjlvjrovautzeuwxxlif??,97,2037935993
354050656,15181,ayoxyoslfzqseroissodbmcif??,97,1970893922
354050688,49049,abtyuhnusqiusbdmvqxjuhrif??,120,1735025785
354050720,51626,xydjgvrjfbzkqxfjzsatcxbif??,116,1785162595
354050752,40645,tckgjznicixxfkfnzndmpafif??,103,1852662906
354050784,98105,gzdmniheswzorsvfdzhbijyif??,102,1852793208
354050816,22540,fxaonzutkiqcwhtriasjrwiif??,98,1869373803
354050848,23006,bkalovwqjsvgklztjcwesvcif??,109,1836218229
354050880,31122,muwrmpssobzoptdqhttitegif??,118,2004446074
354050912,42073,vzkywnceyssnupebahhitlaif??,106,1769171561
354050944,77690,jijsiykyvsbgiastrfmikajif??,112,2037737837
354050976,3857,pmiuygpaicugvykbhdfgecfif??,122,1751938157
354051008,34677,zmtlhcwaoaivobgevygdywmif??,107,1685025642
354051040,68336,kjsodacukotapfludxpigbdif??,102,1785100645
354051072,75125,feyfjrjghqearyetnoicdskif??,109,2036688247
354051104,96934,mweeyfsldmzozvavjxnsdeeif??,115,1651927406
354051136,51906,snivbkreaxomalijgjurezeif??,111,2037216104
354051168,48173,ohsmyxaoxxzatwdlvfcpyxsif??,107,1970824807
354051200,41927,kgfxucpcgysixlpjeujdfpgif??,107,1701929838
354051232,91592,kncqexrwonsdglrdlnieemjif??,113,1852399994
354051264,75721,qzaineveruzqiznmuyoysmgif??,119,1785881199
354051296,40647,wobrjyflzavqdexidsplkxaif??,117,1667788386
354051328,46837,ubnhcvyapebgyozxzyecukaif??,120,1684825970
354051360,21930,xrgldecofqbrwuksiqbsrwxif??,110,1785297258
354051392,89716,njyijdwfapzcmelpptltwtiif??,116,1752789092
354051424,14977,tdpyhrjoofjofaefrbjgxtsif??,99,1685614964
354051456,92764,ctqxdjdhjrfxclslskmnwcbif??,103,1635218292
354051488,80045,gtswaelotrxrhewnkvfecqeif??,104,2053533553
354051520,11365,hqofzhferqasiuuzguvjcebif??,118,1969582701
354051552,62278,vmreujtzsvuqofrxbtqvasoif??,103,1668245359
354051584,50647,gogocbfhuotvecncavaztkqif??,120,1885955696
354051616,77434,xpfiprzyzeraghixyopdiejif??,99,1667329391
354051648,62460,comacjefwgqyfrzugobcriaif??,100,1751739748
354051680,4814,ddmihlifxoyznxzyrpfxpxkif??,112,2004315748
354051712,38167,pdnwwcuzkevuerjhsfbixeaif??,122,1752331383
354051744,87491,zwtrhdmdfoegpomkhevzkxjif??,106,1852078195
354051776,57231,jsxdnswazmcnvlpxumgybnyif??,109,1685284471
354051808,65079,mwfsdbhqxwewbyhshbjroleif??,112,1785292657
354051840,63208,pqgijykdzivtlhtzrojnrcxif??,101,1768057448
354051872,75429,ehjbibpteudlmwpefgcnrymif??,116,1969977964
354051904,62736,tlzkuuuxxriwomvmqgvovbbif??,103,1786341224
354051936,79723,ghgyjfxuvmotjoprgwikzytif??,116,2021093733
354051968,44114,teqwxtjqoyavhirkgmyhssvif??,108,1768779891
354052000,14472,lspmiwmepyxnbztmagbqxcpif??,120,1802136930
354052032,73483,xbmjkkstywzbixvzysaheuqif??,98,1818916706
354052064,8000,bbwjlzhfubtagipxownjfuuif??,113,1769170018
354052096,52245,qbdsilqgxcnwgvcxloiawrfif??,118,1718514018
354052128,89309,vbqnfphojcwptjfsjfzevvoif??,102,2003727719
354052160,95172,fgunwddjguqfcwnrvqoovxfif??,101,1802729066
354052192,90547,ejvskgygihvofdkwlogxaloif??,115,1651404399
354052224,63724,sonnbzbvwvronlbnschoujuif??,122,1701733478
354052256,10303,zfdneqbjldmcoecuntzsxlsif??,111,1886415222
354052288,72188,ovippiqypgldxeqgnbauzfpif??,112,1718972267
354052320,61835,pkoufzffrqvnyvaepqqspgdif??,98,1937007729
354052352,65323,bqdtscjzpkkxrepodnybaomif??,98,1969644405
354052384,18610,bucfukylsnlqxqyvescexxxif??,122,1887008105
354052416,91116,ziuypncacfzalebghfnxxwtif??,110,1852467322
354052448,7292,nzhjnkmuughhdztdafizugjif??,116,1819831652
354052480,53152,tdmxlhlkbhomvjqzcahuehzif??,97,1717789291
354052512,7942,akbcfuidghsrwcblzhnwgasif??,108,1702000504
354052544,68296,lxwrejmjfcifegqufuyigbhif??,98,1852338024
354052576,44929,bhohnrnqmbzbqkfnbalbotuif??,105,1635148400
354052608,84533,ipbvaudbtwvtzasttzvmlymif??,116,1852072545
354052640,84788,tabdnfsetmyzawmvijkcchjif??,110,1852860020
354052672,54237,ntfpnuoqivztvkwgynnywjbif??,117,1986553711
354052704,60448,uoghvjsekozxxfyjzspwfdlif??,121,1869572206
354052736,83147,ynhooseabbtkgnowzydjwszif??,107,1987342439
354052768,65119,kgptvbqqizyzcarevsnzghlif??,115,1801810287
354052800,69843,soqekheiobbrbopmnxpjxmzif??,121,2036626786
354052832,83849,ybudydpcswrhwiowcdozlonif??,119,1635149159
354052864,17536,wgevalkwcpupwctitixyabcif??,107,1919902063
354052896,71924,koaorpsnjqpceiuensbeysvif??,113,1667790701
354052928,31947,qmwhctxyjvjkghlckkbplagif??,122,1986291577
354052960,95447,zygdvjxjwmstxzajvgpantvif??,103,1986164848
354052992,34217,gpxbvvasuacuiisqniklmlgif??,108,1801811833
354053024,55691,lywekgmkynrhiycciuusojgif??,97,1919447408
354053056,2241,apqhrlhaldfktcdkrgjyzloif??,97,1853322610
354053088,45805,aruwnrjjduljcwlfuysuxxrif??,106,1869445240
354053120,51193,jxxmompeevxcavvwnfnyunhif??,100,2054319203
354053152,34883,dclrzujxhylocbyxubphyleif??,117,1936616817
354053184,60875,uqmnsusnizlmzanpytfgtlmif??,112,1986099825
354053216,80698,pqzavdzxarzdwpaklcmucapif??,121,1936947304
354053248,40568,yhxsszvsulvfhvrhfamkzhaif??,99,1751346019
354053280,85257,cckchecpkmaeehhovgjobpwif??,116,1785488238
354053312,71383,tncljrkdgsewegyaqyoushuif??,118,1650680683
354053344,62389,vkccbulcjlshdupxgnhrsxmif??,113,1986160997
354053376,81931,qeibvvblpydqnjjtxicitbgif??,108,1920168558
354053408,23089,lnrsrccvpgjvigluwnbtkmoif??,101,1886019954
354053440,55825,erajpydssdjwemhntgynhkdif??,114,1954177381
354053472,96865,reaztgyjauwsfdmswjoalqtif??,106,1818982244
354053504,94354,jdwklqfwekvwololzxvhofbif??,107,1751478379
354053536,4282,kkpehpsmxmyzedqdhpizeajif??,121,1717854571
354053568,60090,ykadfqvuckieddcbxlqvepnif??,116,2020698978
354053600,15017,tbkqxvtdeamwizourtzecqeif??,118,1801676129
354053632,45637,vaeckxpahtmozbmjrymvrbdif??,118,1785161079
354053664,75470,vwegjmxocicgswvaeyakmymif??,111,1970040178
354053696,83218,ormluapydafnnyvtwafmtscif??,113,1634432362
354053728,91524,qjukaomcdriurhuooyuvxauif??,99,1785294959
354053760,88310,copijdtyxxjvvqliwpqcrsrif??,115,1819178616
354053792,85503,sxvnldluxdwsjxgcqawpxmzif??,110,1735290225
354053824,34031,nqmngvmotdhriqvgfyifmtjif??,100,1836480631
354053856,74290,dwxvmenhrpbykemzkfkdeeeif??,106,1987078253
354053888,77234,jmhpvkdsqaiktyqamondpcgif??,103,1785949795
354053920,21835,gcnsjzqqnhqkzhzemzbrurkif??,117,1836278637
354053952,79330,umcsmwwfmzimoyrufhqxqqyif??,103,1752785511
354053984,66813,ggbyhbznqkhjpcigewslcvvif??,105,1735091311
354054016,93503,iodkgsdwuyhdosinxtronkcif??,118,1852927343
354054048,89497,vomqnskhkfppplflcmhqnzzif??,102,1902473584
354054080,31192,fpqeqkxfkboboboszraiolhif??,108,1768776821
354054112,43832,ludmiogiwgnrypgmxblptryif??,110,1719035256
354054144,86590,nxevfhwetmrxsukbplbrmcvif??,100,2036691824
354054176,20761,dpseyckuwjtvzvybcdjprkmif??,121,1768255852
354054208,10614,ylqeiijzgmwdkwuusnctopzif??,113,1768253797
354054240,93315,qeieiqwzcjsreiypsuhmdvwif??,117,1684435827
354054272,79530,ussfdkctxcxeknzrvkblzjlif??,103,1768255600
354054304,20103,gppeimkcgkgvtfejwwwxzciif??,107,1668381294
354054336,60412,knzqcjlfnjvkgkhugepnbeaif??,110,1769499760
354054368,36996,nplxijgwkrefginiredbzqgif??,101,1886680934
354054400,73687,efwtpkxsbmnnjeqadnszbsvif??,114,2053730155
354054432,14856,rkoizuruzbxpaodzzalcuhxif??,100,2020374644
354054464,32962,dtxlxaavltuvecesqywzdhaif??,97,1953396858
354054496,8687,azxntmfhjlbyzcjwvvycnxwif??,109,1936815720
354054528,33971,mhvqsiuaslapzfbtkprqiqlif??,122,1769630328
354054560,78794,zxjzitulffzhzxldxeovbkbif??,102,2037410160
354054592,4734,fpipymifqjrpreulxlxqpuhif??,119,1835426666
354054624,15295,wjcfmlazqioyjcflkvoulteif??,119,1751410032
354054656,54888,wpedhozawxssczcoogplqtbif??,122,1650881656
354054688,85992,zxtfbvjdxghpopakbhwheudif??,120,1650745973
354054720,65116,xubdbtcxebnunsdkocnkjxgif??,111,1784838247
354054752,36090,ogxbjybrsjmwpcdygaxsoilif??,103,1937334643
354054784,75512,gsayshfanmhtwrcxeuzzzuhif??,113,1785100144
354054816,30691,qpwfjuoufpdfhgmndsphkdwif??,117,1735811691
354054848,29635,ukbvgsnedmjrdymtnxoyfgxif??,115,1785490042
354054880,91472,szjljdaxlswsjiiemmqyalkif??,104,1819044722
354054912,23583,hrkllfoiybschfqebuxstlwif??,114,2019779952
354054944,89802,rpecxwbyduinybugxbxkttqif??,119,1969384814
354054976,33398,wnmbujluxzkcjhyjgjxyvmcif??,103,1684627814
354055008,24636,gfaidcxlkgrcplfqqsarkgyif??,113,2037804394
354055040,93971,qjmvyupepwkupoidrvzthldif??,119,1903652209
354055072,80307,wqmwqnmhnhiffeisunefhmfif??,114,2004052589
354055104,4784,rmjswlyfsilutziyczmmmwcif??,100,1650681201
354055136,98721,dqecbopkqqxfbbchnvvjeqyif??,111,1903326318
354055168,20487,ontrqcqldilrfuhzroajnosif??,105,1836085107
354055200,39134,isopmzndtdwohlzarvnwyjaif??,102,1953589365
354055232,20902,fuhqthncaexdwngququfrddif??,108,1717725816
354055264,17677,lxjbfyzhpiwqbhzhfvgwmfeif??,116,1970759777
354055296,71715,tahwuthwjeldqjtvdmvjtcuif??,121,1853453165
354055328,98969,ymsyngsvmbxqosecawvnzpoif??,105,1902600562
354055360,40937,iragqimmojmqrsejnxqqpmxif??,114,1769300341
354055392,43737,ruauitovtgaferobsvzunfiif??,119,1735352694
354055424,91277,wvaoglbcykbmablelxvitugif??,105,2036821876
354055456,41238,itogyrljfqxowrbhijusriaif??,122,1920235377
354055488,22017,zqwtrsmaixhwecnjuzgzgusif??,97,1953654375
354055520,80391,agfrtmmdgrwbrokpgyrrzwlif??,101,1903327076
354055552,92323,edwrqmrkqndnkrqqfmiqarqif??,103,1667398258
354055584,40054,grzbcaemzopptormvatlwaxif??,111,1668049011
354055616,96242,oshlctybozzdaajlendesgcif??,120,1969580648
354055648,26562,xhjeuxgobevhaefyywhebkiif??,103,1986552935
354055680,41758,ggdhvlwdtgschnxilpffdknif??,97,2054255717
354055712,16545,aetqzvttmqswljkmfilvipzif??,107,1684565613
354055744,62778,kmnhdxuxrkknepubdicvfykif??,108,2054187369
354055776,65121,liipzpirunxcocwclzqnjnaif??,122,1970824810
354055808,87536,zjfxumwfieysihshelxpkyjif??,107,1969321323
354055840,42155,kkuauddunsjcslmpvbmakaeif??,112,1752330601
354055872,79024,piqrhyqjpoeompvumttwvusif??,117,1650747242
354055904,12516,ujgdbkwcwazvfyppohvkcyhif??,121,1701733480
354055936,18854,yhdnegzalhgdfwuilwcogrqif??,121,1851876210
354055968,65776,yrcancaulwwmvlzlkgwpssmif??,113,1903062894
354056000,42343,qnonqmlwjvyfhueckfgyofcif??,103,1902538350
354056032,22356,gnnfqiaqycowylszuqwoaqkif??,99,1902605419
354056064,77094,cktgqothjqcgkayhadqgaexif??,112,2020503669
354056096,36504,pupnxcghkfabjkoubayrhsrif??,110,1634758774
354056128,10440,nvppayihnwylxzfsxumgnniif??,120,1819375458
354056160,60871,xbwqlxvzuavqcdwicpjlkgbif??,106,1701408884
354056192,71346,jtpiehohcefoggrwpygvdrxif??,114,1734440821
354056224,16692,ruwagbrfrkwuvpmnnksqubzif??,117,1801746785
354056256,85307,uaydkxdrwfdsmkdenyqbdbuif??,102,1684829027
354056288,75737,fcsldebvgmgbswcebnbitdfif??,119,1718445933
354056320,5634,wmgmfitjjikwituvbckpclcif??,109,1987408762
354056352,42110,mzsuvnvwqtrsgglvyafomexif??,115,1701012850
354056384,91998,srecetvvowwqxxtnfycnzgrif??,103,1717726055
354056416,51860,ggkbfsovfhirapjqoodyjzvif??,105,1986621543
354056448,93165,igpivainzsuroasxnoksoheif??,112,1803119457
354056480,60924,pakykuwcmwabvrcsssbbaqaif??,102,1668702585
354056512,81868,fyavcjcvogypojmemjiyazjif??,121,1970829924
354056544,78088,ydzxuiwzqqolmuvwloblddcif??,119,1751410296
354056576,30945,wxfdhkmonqjxjutaqpibvefif??,122,1885761646
354056608,81597,znpfpjqobmlzrppqsoqsnnuif??,119,1920626031
354056640,76247,womzrhdcdsirdxldjsejscwif??,115,1986099574
354056672,44019,svyavoqcogodfxrbaqgqnffif??,112,2020699756
354056704,97830,plnqxyrilljwxfkupkfwnbbif??,118,1634496868
354056736,88634,vdqlaxrjymaecgbsewutdnbif??,104,1734899298
354056768,31021,hbvhgksszobuazwgosptbedif??,97,1818583662
354056800,59642,anbelnjziznazvgtwfxslbtif??,116,1667917169
354056832,62399,tqejctxeozjetdqoaftfncyif??,121,1819501173
354056864,53718,yubsluxioxjvnyqytlzxuwvif??,109,1734505584
354056896,89078,mptbgmmxzzrfgiwckwriuzlif??,107,1952610411
354056928,45293,kkxbtvhjuhtijodidkividiif??,106,1936488563
354056960,81224,jsxlsnhmhahszvbkkkwedurif??,112,1986819705
354056992,69470,pyvlvdisemzkjvbdwmunghfif??,98,1735752301
354057024,40212,bmzugdtnvylfkublcgeyevbif??,99,2054255731
354057056,9031,cstqzdaevibdjruwjcbqxfeif??,111,1952937593
354057088,49464,oyvgtoxdlkmnigrvsnbtszsif??,110,1937009262
354057120,21001,nnjtsjpyuveovpbhixykignif??,119,2036558970
354057152,23649,wzlcyspmilftmdrzzowgrycif??,118,1986689122
354057184,20779,vbxjvpirsyeqyvjzixiitdoif??,118,1919314289
354057216,14079,vqifrqbedacmxapbhactqizif??,109,1768384618
354057248,67768,mjhgilcnvwqzvjexzuamghtif??,105,1650882167
354057280,87508,iwvfblhceftyxpgtvmoglkpif??,100,2053863022
354057312,7335,dnvkzcznbzqpptmepjimjhkif??,118,1953067364
354057344,51497,vdqitfblaprklalldhkboxkif??,111,1802008684
354057376,79639,olxhkwzxodivsbtkaoguhjfif??,119,1768645989
354057408,3740,weekilgqwvqtffmrxaetrveif??,118,1853454711
354057440,44116,vwyynofguymzzfvroiomskfif??,121,2053532267
354057472,32377,ykjfzbzpmjbphdiywvvbgguif??,107,1819829346
354057504,27578,kbdxlhpbxdrpccjemxtwkboif??,103,1668903777
354057536,57891,gasycpywdaaxplcpjttmwyiif??,108,1836349288
354057568,12051,lhwtmjdlsqsygiizzwvtuavif??,107,1903193200
354057600,89038,kplpqghevrdhxgtxbgcizkvif??,98,2036950650
354057632,37056,bzfiyotsamxykqzdducjjrnif??,101,1634955370
354057664,21772,ejpsadhpjvmtlaaaadaepqgif??,113,1769566069
354057696,93714,quoyiytazuqwkbmalthrsodif??,119,1836282488
354057728,86817,wxrsmmfrsmewxfrsohyuanaif??,120,1667852915
354057760,73618,xsjicleiosyymwawyavqtncif??,102,1902475106
354057792,52501,fbweqjvvabkrkhhpgwhgujkif??,118,1936814456
354057824,7812,vxqqsjnzmdzgubibhbitvvsif??,102,1869968760
354057856,13156,fxuuoowtakodotepumvofwdif??,104,1801744242
354057888,91621,hrodkhaocsgnqwrwnmnnywqif??,98,2003465082
354057920,76661,bzsjwulscookowucquqgdvyif??,121,1685351789
354057952,40748,ymmtdawjphssqrzhqqwolquif??,114,1768650338
354057984,50724,rbvkiqwdbhwxzuqnbbztnwxif??,98,1835955824
354058016,93011,bpvnmzywzapfpdggqxwsjbhif??,117,1819897191
354058048,71422,ugmylhczspzqnfbtqqiaczkif??,120,1651598960
354058080,40531,xpfqbwfrozmdpxtvbyvngfyif??,113,2004247652
354058112,296,qddvwwexulnxhhghwpplcmeif??,118,2036561518
354058144,52838,vnvcyhidtrjkotbdtvotfsmif??,101,1919182189
354058176,42203,emedrlmayansbrteftobvpeif??,97,1852275051
354058208,2764,akygnhlhvultnpgssvebkouif??,115,1667327599
354058240,34639,sofacgpetixhtagfusfoosmif??,107,1801745264
354058272,51117,kpsdkbxuxullumhkljctsrzif??,118,1818392183
354058304,96210,vwvblduqfgedpgxstubzsisif??,120,1635213671
354058336,44566,xgawazzldzoqzxhqqyqftwaif??,121,1684961124
354058368,1941,ydwndslzsnztrqhsenrnmdaif??,120,1936354416
354058400,16291,xpljsrxqtrheukxawbdnrtgif??,99,1768123244
354058432,16643,clkciuanbuaesqmppoigpjuif??,109,2003724903
354058464,39066,mgjnwxgzrkypipekxrdrtktif??,108,1718972779
354058496,48783,lkqufoeldfgwoqstljbqimzif??,101,1634627188
354058528,58831,etnnaqfuypjhtsuaoocushhif??,113,1684434805
354058560,81863,quofdmlqunspwelrwlvrkpdif??,106,1784834923
354058592,57896,jkkbjtuhgkxspsrqliqkzkyif??,111,2020893801
354058624,14729,oidtxozgphodsmcvgzfzmjnif??,122,1919051890
354058656,57150,zrhbrdzzfsakevcchkwmvwbif??,109,1801812594
354058688,5810,mrzekswcraeixbggmtqbwcaif??,113,1734635108
354058720,68958,qdndghhilhzmqsyduturnoxif??,119,2036883815
354058752,41838,wgahybbwdlwvukbwrmpnjsfif??,121,1685415032
354058784,94059,yxdudirrgxvjgkivbchaaxgif??,115,1902996086
354058816,89777,svjmqcueqrsrpjucfevtfdbif??,116,2037480047
354058848,72929,tozqymrmrrjhovtxduhlntoif??,117,1651733607
354058880,25792,ugtsbhfnznkuugvatocfiqeif??,105,1868984690
354058912,51159,irqfojguadbsfbesajnknyyif??,110,1718122083
354058944,36076,ncvhfoqanxsbuhiwvcyqxywif??,108,1701209192
354058976,8833,lhdfepmwlwphnzkwaeptcsbif??,114,2036819819
354059008,24220,rkggyauxwnnoxuvmzivjrjsif??,104,1735553641
354059040,81808,hirrgobxxqlnkqszjqrounfif??,99,1717726059
354059072,47812,ckkbfevfofvgulcznrzagsvif??,99,1868719469
354059104,10712,cmebofrtidnwjpuedltobieif??,105,1634365027
354059136,38903,icnjastfmfwycdxgpvuulovif??,114,1919905127
354059168,26862,rgmorrlewptplqrpdcwlwgzif??,113,1668774517
354059200,5813,quzwcvxfwrlweppdsywnzghif??,115,2004052344
354059232,78667,sxiswprlwnpyumcdeemhrpnif??,102,1836213370
354059264,17154,fzdrmnvhkqptddfxhyavusaif??,99,1853518457
354059296,79344,cyrznfyyxyatfcqntznfzuuif??,99,1785490535
354059328,29077,cglljxfxrqgsfjguweyocvzif??,97,1785624681
354059360,75303,aixnjacvziidpwjyivlbjafif??,112,1751282020
354059392,96265,pdqbhvcfmuvtbvlgfsutptvif??,104,1786211450
354059424,97923,hzlwjayqnhourbjtzslqtmdif??,111,2037020258
354059456,46130,obvjyxznjzxpvwdcuoytxqeif??,117,1718315107
354059488,2533,uchkfukalkedpjnjprtveeoif??,120,1836480363
354059520,81359,xkwvmuultswujvvtilzhjctif??,115,1868915321
354059552,61724,sybeoedeyffdjhusnylmhpnif??,99,1802926705
354059584,8184,cqzvkqgpmswqtyvaedmnacrif??,115,1735026041
354059616,15975,syejguuthurstsufdztstvmif??,109,1902801764
354059648,77940,mdsjqkafyazoabypekmwbmhif??,104,1903192162
354059680,73944,hbhpqtqrrlcrwetxjatgpmgif??,117,1987732338
354059712,45160,urczvuwhcrfbmodwwcmmkllif??,104,1953654643
354059744,19416,hsgrtppmfnqurbcpkxzmotaif??,99,1936485739
354059776,99023,ckmlsxecbepvacvtbjollieif??,104,1634624867
354059808,45026,hcenascuzjllsestxgpzhzqif??,109,2037016428
354059840,28418,mlgjydjxonmutjgokafcwtxif??,118,1803183478
354059872,15982,vvezkluiwhzzettwljlkyblif??,103,1634692218
354059904,64499,gzloaxxfgiivblolbmrbtzeif??,97,1935898998
354059936,22221,avycswcpnavmzjyzhcntutwif??,103,1868784738
354059968,8251,gbdcoyybpecptpcjvkgfymqif??,103,1920234860
354060000,23595,glutrrsqwilmdkycqbquhagif??,118,2036885608
354060032,44941,vhhhyhtgetrkrfvnlkilkxaif??,104,1784901238
354060064,19029,hvncjfvxzlujsueeqroiyxoif??,112,1819700577
354060096,64039,pamvluuzeckfirvtufeiemrif??,105,1885561962
354060128,4439,ijdcpetfxaodpniroxihdlkif??,114,2038000999
354060160,21316,rgmyyvrmoqdbiavwmhnmoflif??,107,2020111993
354060192,4322,kyvhxzjzoadliilnrswewykif??,122,1902605425
354060224,53936,zqtgqerhfqidnvqearlosiwif??,110,1785230439
354060256,34216,ngthjxaldifzcfvnfqjomkyif??,108,1902801506
354060288,25880,lbrjqlkpvcbltzysqhwxsznif??,106,1918985584
354060320,84804,jpearxfiegopjpvvoqnscicif??,101,1853384307
354060352,5820,esfxnrgkogwdsooqkeigoqxif??,114,2003663202
354060384,90202,rbymwttctbwpdklfdnjakokif??,114,2038003815
354060416,70275,rgxyymttskbiyiboqtzpsymif??,110,1970041953
354060448,83511,natlufrdpyhaowffujjzfgcif??,120,1970563949
354060480,63627,xmktuztepqtnlrhpmonwqvgif??,98,1969972836
354060512,26198,bdfkujzlqnngntvnlyjufcxif??,115,1818980721
354060544,67706,sqqklagtcdcovnklivukmdeif??,114,1651734382
354060576,8928,rnwsbxwnwtsrnocaqzxjcdbif??,116,1819373431
354060608,39253,twoqlvqhrdzrevexprqkgpzif??,106,1802072696
354060640,90735,jxrikecsyadkesukoyzpjvuif??,111,2019785328
354060672,6988,opzcxlintgzgywzlxnrvmkmif??,119,2002873708
354060704,52366,wlmawqthwgvuzfvodwlgqxeif??,119,1734505316
354060736,51888,wdsbgryyvqlhwkbuczzvkvbif??,102,1870031718
354060768,47583,ffkvoowkwcqqiufgtvzyqbwif??,100,1635347314
354060800,36609,drkyaqetslokrdopblookyiif??,108,1835426933
354060832,17146,ludfmirrcshtxyxezpbwvtrif??,103,1701473644
354060864,40071,glmjeqifldsqfeizumutntrif??,114,2054452855
354060896,21838,rwvtzcsawohyvdzuxiyyniyif??,107,1986096485
354060928,27740,kemavyqdgkeicruzccpefjtif??,115,1734637153
354060960,5862,savdgklthkumvirlmfsemurif??,104,1668313207
354060992,69892,hwppcutkxbtewxvfroizbmoif??,98,2003920495
354061024,13643,bofqweltrjvodccltwaldibif??,117,1937404259
354061056,62938,ucqzszymqccorjdqwvkompiif??,117,2021025394
354061088,13697,urfvxyduftjbehifjsuxccyif??,113,1735489391
354061120,65639,qowqgqkdhnivbuezjjxowgzif??,101,2020569456
354061152,3280,epqoxlkomcpsaecfccjyfscif??,118,2003135591
354061184,29584,vglewphzwdkukhzlfnlhmllif??,100,1853319027
354061216,59905,dsgwnwvqiqwiyarpikacgukif??,110,1802723697
354061248,72747,nqaskebylprjwqomzqleqznif??,116,1769563000
354061280,59138,txcyientbjyuvrmmcnbkciiif??,116,1685678703
354061312,1456,tojydxafbedmamoemfcwfxmif??,114,1802074231
354061344,70855,rwxikrusovnfthadutpziwiif??,107,1685349231
354061376,70312,koctdbebjytocqukwjhdvtdif??,108,2003199856
354061408,71694,lpgfwatyeqnoybfvljfdrojif??,98,1953591663
354061440,22340,boqqtkvaeeawsykckelopfqif??,120,1767994472
354061472,37119,xhtaichthnoghtpqselwejtif??,114,1869182578
354061504,30283,rrvioqfoabwzcgcjjqnchoqif??,122,1953261940
354061536,66413,ztiltgcvefvrjtdloztsjatif??,110,1936028784
354061568,32720,nptesgxicuimyhtmmbtdancif??,111,1868854641
354061600,89660,oqudohkxuksfityuvenfbycif??,102,1970236281
354061632,85279,fykouukygskiacsicejwgpdif??,103,2053465960
354061664,73696,ghgezvylfruslddnjgwjpwhif??,118,1836216161
354061696,28820,vaormplslaqtcdknfjdwfsnif??,114,1785094767
354061728,63583,robfjinhresheduxqlrruywif??,103,1734767222
354061760,55687,gvrfgwkvzwxoujvpizykmckif??,114,2003990125
354061792,90644,rmvrwrjxbywonrjwejgvsrgif??,114,1870032494
354061824,34023,rnnvosfbzvsoelpwymexvakif??,109,1819309932
354061856,61617,mlwplkcwyvgtybxnmbnjithif??,104,1667592561
354061888,65505,hqqecwkuknrdsednijjmwjvif??,99,1919904868
354061920,79967,cdlorqcpqapdykkqsmpwwojif??,116,1785952616
354061952,11708,thysjceobzlosisltwovzqlif??,107,1684236916
354061984,16260,ktjcdgowpezcyigekadbzkjif??,110,1684693360
354062016,46373,npajdccnttjaonptmaekdmjif??,120,1937271162
354062048,58112,xzixsqoopuxghcwjvtomnbyif??,106,1935897451
354062080,17377,jkscsrshqoswgyvdwksdsnfif??,110,1868654181
354062112,26997,nefaofyqxkbbjfknqcprgagif??,111,1937007718
354062144,37059,ofdtsycpkatzdatkuaulsfcif??,97,1937007478
354062176,14947,avctsmrmmfvaxrncwhviutrif??,105,1936944503
354062208,71035,iwmsswfhwacxpatnvstyrjnif??,105,1836349813
354062240,79564,iuytmxitsevdqcfwzawbzrkif??,104,2037742201
354062272,76552,hyzuycdsjfnatumlsffnrhjif??,103,1634559848
354062304,4410,ghgmaufelkijedkqrjrubujif??,111,1751216482
354062336,15499,obqahrsnfnehtbugqgqglvxif??,110,1769434214
354062368,35930,nflwigrqtjwhljzudecsestif??,118,1685220457
354062400,52792,vilrdimbwgbwuttubfagjguif??,104,1835758947
354062432,50116,hcukmvmjdprqvteevxsrjsuif??,112,2053662071
354062464,37771,pwehzsxcaldwefntsdzgbiuif??,120,2003069549
354062496,41722,xmjdwgsjlolcdibkudmylpuif??,122,2002876009
354062528,34324,zivawimrjvyhzjocuclacrjif??,101,1953655667
354062560,13673,eskrtuiavwyzjusussmaiwgif??,115,1987274866
354062592,95344,srhsvdztmnxmqastfjminxqif??,116,1768518511
354062624,45968,tosiischpdxtvqyzljyzolcif??,106,1852467823
354062656,98774,jojjnvyairwobffyukuwspkif??,102,1634760552
354062688,99228,fhwpadlltftzwpubjrctyykif??,120,1734829922
354062720,29193,xbgggkbbyempugwhnjbaasiif??,100,1819634539
354062752,60108,dkkulrlezokupqvhftqanpyif??,119,1785752170
354062784,15408,wjjpjhivkbmuzfqoawlwpggif??,105,1869046117
354062816,38647,ieagogrrsjllyajaqzqowflif??,108,1667654508
354062848,69151,llcfcqnwtkjfrsiiaegqnkqif??,119,1668182125
354062880,6023,wmpncwllriseontyeogwpcnif??,103,1835229537
354062912,52208,gaacmbdqeleshteoetctspqif??,100,1818454371
354062944,52450,dciclmvawfqtlowhtvfsippif??,109,1886285418
354062976,42803,mjnnpmfzsrznatgznobzqpkif??,114,1718775905
354063008,20868,raprfysxyqdsrncjuzvzilhif??,97,1969909875
354063040,59070,aspjudcyaepdsbovbczybwgif??,114,1835691364
354063072,4491,rdmjmkbaovqyhgyzevjusqjif??,111,2054321522
354063104,69635,orurznoqybnwimerskzzdjyif??,105,1953656947
354063136,4081,isprtlazwcgkpcusczxkvpxif??,113,1735817588
354063168,95196,qtyvgylzfmhfdvxotmwpuyhif??,106,1701342582
354063200,86223,jvmhealltiglievalicrglhif??,106,1634171243
354063232,52228,jkygarusurthsjsyxdrbeokif??,101,2036623219
354063264,82083,esgdytqubcpmxmjaiutmzvzif??,111,1937142375
354063296,96580,ogrvsmwowaebcfcvdthisibif??,109,1736075373
354063328,97839,mmhzglhkdathmysqrcwuxgiif??,115,1718643825
354063360,10568,sqlpfhpdknhqnvfxpqlxtsrif??,111,1819637610
354063392,50269,ojwuleezhauhsxqemjyhstdif??,106,2054518378
354063424,33805,jjvuzkzlhlvdzladykilxjlif??,100,2053860215
354063456,83580,dwkkzobchkekeliwdvlwnmxif??,121,2003070306
354063488,80345,ybmdwfnvmtesjkrixojmtgeif??,121,1652190307
354063520,82056,yclzbrnoobdopqegmltzuytif??,119,2004187245
354063552,68486,wmxuwxqrxmnxvckaknxdsqlif??,111,1784968561
354063584,38667,oqudjzdglahgaaqcmpvllehif??,108,1970633313
354063616,50011,lazuuttgpypgcimgdfwyaokif??,102,1634625647
354063648,28987,fohnabfwkdalecwpttukyluif??,101,1969386344
354063680,43481,ehsbuuapswikvotefztzjwjif??,104,1734435428
354063712,85696,hdbagxwofuslxuircbmehxyif??,120,1986425187
354063744,52974,xcqfvrxgfmrqmfunduujthoif??,104,1769044345
354063776,90997,hyyqifmakqqfpsnivsfcxivif??,110,1936356720
354063808,48649,npujsulartvxrwokcffnkrvif??,111,2004050279
354063840,43719,ogaswdwccclvgbweljqbvpuif??,101,1835693688
354063872,51946,exvjmupizsroibiloivtzefif??,105,1668051820
354063904,41054,ilslcggxufcajyonwvkzrciif??,115,1868916844
354063936,97492,slheolcjeawtpyvdjkgfadbif??,99,1768776810
354063968,80182,cjdmicrhlkcunoqrcmwoiptif??,107,1635150179
354064000,13728,kcivafdrseijjzrpfaxmiwsif??,113,1668441973
354064032,2441,qugrcuvufilwyedipjikyjsif??,114,1870032740
354064064,29137,rdovoisolwigirmltnfhmxhif??,121,1634823022
354064096,37228,ynkqaykfrmtckuqrcdhhjtqif??,104,1785422180
354064128,78367,hdakjtrrodvclwxzjhnqvnyif??,117,1937337192
354064160,73012,uhkyssgemvlioeyybfvuiaxif??,100,1818917491
354064192,35601,dszjlezohnnhgtyroblgbdgif??,115,1701603170
354064224,55988,sbglelacmoqfedrvexzhgemif??,120,1818583401
354064256,85452,xiaelfpuecxklqqrfssowbfif??,101,1701144940
354064288,76965,elieevwaaiqrofofomjorlqif??,118,1902868329
354064320,20578,viwkquxgmoxbkuahlmywgamif??,106,1652124015
354064352,43139,joiybfmfqnkcawyyjjvswikif??,119,1735028330
354064384,61992,wjnjgfqkomjsfgdzmbcntyhif??,115,1852533349
354064416,19919,sejknsybcsymntdoiraffepif??,106,2020175984
354064448,62695,jppixdewrpmdwljfejztgvwif??,107,2003597427
354064480,39573,ksxlwwnrzzxwmbhdeklrlqmif??,102,1852203364
354064512,74861,fdafnbhtoqcywsecptwihocif??,115,1852665189
354064544,267,semmntbyzymoklcgzpetsraif??,105,1919903080
354064576,92833,iheorjgigmhcdgqjivxtgmcif??,112,1969649258
354064608,5459,pjvfubydwbmxjrsudncpgdzif??,97,1903389549
354064640,80625,amksqocvarmwpgllrnwnmknif??,118,1969714292
354064672,95294,vttgucuqiadkzzqmgjeyfqlif??,114,1802991975
354064704,36105,rgywkbrcjkykfeohosgsyqwif??,122,1802527608
354064736,65775,zxcpksrpqcswdzbcfaiueqtif??,103,1902213494
354064768,71553,gvyaqsfydbqnqyfkladdeouif??,120,1937271141
354064800,87961,xeixsitlkrlilevgsidtosvif??,116,1734439801
354064832,50515,tysagpxwhiajbumpclnplkzif??,111,1650942313
354064864,80069,oiagbhfcmrkqydvymursktqif??,107,1667523192
354064896,30823,kxbdcclwkwglqmqpnhkhsgeif??,101,1634102123
354064928,30963,ekkfawwcwytlcsmydmzcajxif??,115,1986162036
354064960,9676,stmbvtvtqqnkcsqeqfsecgvif??,119,2020241526
354064992,41756,wvpjxhpmalednfhqqbfevniif??,114,1987668845
354065024,43332,rmkyvbdxfyuedieximkdtvuif??,110,1903131240
354065056,90065,nhzoqesdjlkccxkdrwvklqwif??,106,1936287600
354065088,17595,jpgiscipsoklpuzpycqamlxif??,108,1986296162
354065120,4675,lbydvibnlmicyxmrexlnubrif??,101,1886155366
354065152,76310,efrlphyytfvzsqdofylxdqtif??,122,1786143074
354065184,34751,zbavjmvjmibbvsypnwtcqhrif??,102,1718250103
354065216,86084,fwjjfyhapbiklnqqnkujjagif??,111,1668183412
354065248,79156,otuncotrmuomcnodemtmxovif??,104,1651929703
354065280,2610,hgrvbisbaquwwjnehsfnmtsif??,108,1818914660
354065312,93235,ldojlfhzymlnliolsiedgjnif??,113,2020111978
354065344,90720,qjvhxbwkcijrsochysikeahif??,102,1902865764
354065376,26387,fdmkqxoiubzwhajajuhwicsif??,108,1902410349
354065408,43306,lmzdqtuswvzrtspjfsbwfgfif??,98,1785033329
354065440,23536,bqrejaskvnxuaaghfymyiwaif??,105,1734632545
354065472,48901,iaddgiharihcytripaovzayif??,106,1751279987
354065504,82063,jsibhvxajnjaofiyrscvslfif??,118,1685744747
354065536,89545,vklzdzjfsdqrinpezzxwtphif??,114,1852467578
354065568,55168,rzijnachtewypfbwoxjaingif??,99,1886480483
354065600,1188,cchqpftniedkmbidvoaojbeif??,112,2021290361
354065632,90176,pyqzxyhfzynjcetiebmsfdaif??,100,1785029754
354065664,83825,dzdejmvigdyfysyauifdiigif??,118,1651473007
354065696,55929,vozobzlrukdmhfauuotyvcoif??,114,2053666915
354065728,73413,rcxhzlxizbhjrzlvwhqhziuif??,113,2036950369
354065760,69415,qaeiyhykkrwmwogexkqtoadif??,111,2037215338
354065792,23075,ojpmyvkkkjlyfclufomsuwbif??,97,1953916006
354065824,34969,afdvtnwnreibsqgzvkyxujuif??,122,1702259317
354065856,17869,zujvengulkgqgaltxzfvnfhif??,122,1868986993
354065888,93137,zqzforphsyyolyfsqpmxunnif??,103,1969974895
354065920,51735,gonkuhkgcwewaxqdcxwykxqif??,119,1701079924
354065952,74825,wtkdednubtgtcogtsdqubopif??,119,2037475703
354065984,9368,wwiqypanuzkncrkvfcdwfotif??,113,1886678905
354066016,17843,qyotpqijuqlnhiodyiloofrif??,103,1801807473
354066048,68991,gqfekhhrmsxbvrrojpwtcimif??,114,1920169589
354066080,79357,ruvsroocwfsyqunghkjgnquif??,117,1920427895
354066112,36351,uwgwrpfzefaaiwxxhwcfkujif??,121,1667593833
354066144,13167,yivecwjdnrdivhgxmgazydcif??,122,1667396967
354066176,67047,zgubcmpeikjsrwzxlmcbeiaif??,118,1819768944
354066208,89457,vpxwlxwmeuuratjzhmwtoqeif??,109,1987275378
354066240,25554,mrjsvlssrkkupwnvddbqfhcif??,112,1668577135
354066272,37869,powtctjyooeewsmljtkkfzuif??,115,1852337008
354066304,89080,spkhnfmpthsddrjrvnuslvwif??,121,1836476263
354066336,28205,yggvmldnoobqprwwsxlpglpif??,111,1684956276
354066368,1374,otdndrgdjwyjirxfahhyjokif??,104,1784901498
354066400,24226,hzocjtgbtspqjbackdguhbnif??,110,2003858545
354066432,78960,nqtpwdfrrovmyviomndvllaif??,108,1668966254
354066464,34562,lngzcvsjsdhnoyxlwoeewzlif??,100,1734828388
354066496,71336,ddaggfszpenwfpjyevacxaoif??,101,2003660659
354066528,29516,esomwtityttpxiitcjlmvduif??,107,1768973174
354066560,95018,kvcpiomhmgxdjhjsoedgtcjif??,104,2036623979
354066592,34186,hkjdyarzxcybivgjyhhsrpeif??,104,1986360683
354066624,44016,hkuevjkdskuvovfmhzdoblrif??,113,1752461160
354066656,37907,qhothsmtefyosjovuhmfvupif??,118,1701345145
354066688,75740,vywheehsywmvolfopqlixzrif??,105,1902929264
354066720,61739,ipelqdlrulkroqrdqabnzbeif??,115,1785422180
354066752,99438,sdakjgpqfxwmvngabonlbcwif??,110,1886284389
354066784,95977,nejnpcjhunobcxywgpdiimfif??,107,1918985065
354066816,41812,kicarefnvurhhddwbopfeeoif??,118,1903126119
354066848,81716,vgfoqwiihnrjtucvdkxlkrzif??,121,2021224824
354066880,89784,yxqyxyakqwgzfkgituifzyeif??,103,1802464372
354066912,19658,gtlokzscngobqvukocclycvif??,112,1767994991
354066944,53561,povaifjoyonueijcuwiaicmif??,110,1719236725
354066976,73278,nuxyftvobtimtmxqfcbptlwif??,102,1852730230
354067008,67065,fvknnjuleosqwyxdmhfpgxxif??,120,2003662438
354067040,26493,xfvmwmhwpcbauaisvrmzvrgif??,97,1786406251
354067072,99216,akezjcdgawreqzzrychllwmif??,118,1819304822
354067104,21676,vvcplbyhrkgndeckurqlozrif??,106,1719236463
354067136,30107,jowyfoyqsprxzlpqthzihmoif??,113,1701275493
354067168,77552,qeggeqkzfzfgtqhdrrqlscpif??,103,1768057191
354067200,78228,ggibiqhzsivjozbstjxyzzyif??,121,1768125814
354067232,66411,yvucihimwmtupsajcgapgslif??,120,1953133931
354067264,46750,xkujttoqdkqheihwkqwlvumif??,117,1718183802
354067296,54431,uzgifncxzjomtuinihhumubif??,112,1903520358
354067328,39419,pfjuqbcsqluzlwmzsfuaxhwif??,116,1651925867
354067360,52690,tkcvbxphchuufqwntlcfhplif??,105,1919314553
354067392,20606,iyjfrknrachejpefovpldysif??,118,1784964728
354067424,84846,vxfdjhtutzchzspdbdnbewtif??,98,2020108154
354067456,53463,bzghxeixzdcrdgcxpyhgdhbif??,99,1902538860
354067488,32547,clpfqyplkdtwejxpmfsjirrif??,99,1718250599
354067520,60560,cgljfmdpivpgotalywoycuxif??,111,1835623786
354067552,170,ojeimouczhihoumognrevybif??,110,2020435053
354067584,21235,nmdmxaqrplosimwhswtknfiif??,105,1803055986
354067616,72679,irsxkiptfsgnelyvtikuwdqif??,113,1836151673
354067648,36676,qysqmldzwycgxudnvghptrnif??,118,1701540453
354067680,55915,verkexxpioddjotvqsdmvwfif??,111,1935761766
354067712,71538,ofaasdoiokreedwsphzxdorif??,106,1835629157
354067744,61525,jezimvrhfragdpvobjlogftif??,112,1819307371
354067776,25348,pkmplohmuxzulgiycnlojvnif??,116,1868718962
354067808,55380,trcboerxtlkkhpvigmsxhqdif??,114,1769042795
354067840,54675,rksqijqnbitdqnwyebbksrxif??,98,2004185717
354067872,38699,buruwpmjgpykwrfnyyhttmbif??,103,1853126777
354067904,48211,gyxtnivssgckrqbicgraubgif??,117,1868854888
354067936,44049,uhvdopjpohqaxikoocjiyqjif??,114,1920562022
354067968,54542,rfsyriqdjampzkurnkerhwsif??,102,1902997871
354068000,33491,foqmqgxyjaznhsmqjtqhdktif??,97,1751933281
354068032,11663,aaalhlovhxpsuqjpmkzaesuif??,105,2020894823
354068064,60151,ightxaljwibxrkphmypfcjyif??,116,1869506411
354068096,15159,tkgnouibgegnydtefsrwhtxif??,117,2053273701
354068128,86143,uexbzzbvrsrwezhrhsfvscwif??,110,1987276907
354068160,63792,nkpsvksozyoidncqkusqpvxif??,97,1668313441
354068192,58983,aaqpcdtzicwfkumkoaqvkuvif??,119,1801547640
354068224,83802,wxoakhdrcnimkbumtfwmxqxif??,107,1869115510
354068256,24845,kvphodzxpsrvrdrnwmtkbutif??,115,1818980728
354068288,35142,sxqklmuxzmbzjttdzrqiwhbif??,115,1902600562
354068320,62571,sragqdnncnoytehqombiwnsif??,109,1768907361
354068352,63870,maboicfdnsoekkgktumlokiif??,116,1885497720
354068384,17955,txibpmiflztvejrigalptrlif??,98,1667594600
354068416,47997,bhyecafqkunywgsplxqfjleif??,121,1684698730
354068448,61655,yjvjdfibuoyfijqxvqjzqjlif??,113,1937073264
354068480,36738,qpduszyxlmrwaaaxjirfkabif??,97,1903389794
354068512,67155,ablsqassqbmptfakwurdoykif??,113,2003659894
354068544,68220,qvlmwhvczinmsplypphpzzeif??,105,1851879282
354068576,44585,iroanccawkqvpphfoerzqevif??,102,1768647288
354068608,56386,fxjkiayexajaysqugsvjxpgif??,119,1651663976
354068640,73112,whdrbxlcouqiyjqsymcobarif??,119,1769501043
354068672,56833,wsqxizvfhiufyesuajbnwmpif??,99,1885561205
354068704,77769,cuacpydncctzxhremzcpcodif??,105,1651010403
354068736,3186,ickhbctsqnslalkuicgmlxdif??,104,1717926002
354068768,31094,hrxeffpwelaxmcmdrnqmwryif??,98,2019981676
354068800,69287,blyfxprfgfpcrwsjjqchizgif??,115,1920038772
354068832,31113,stwqrvtqzmotjpahfcruubtif??,106,1634427766
354068864,1472,jvckajoaxrlojgmrivyhvbxif??,122,1918985082
354068896,79678,zzcarjeenlhasmydcpsfzmlif??,107,1920559725
354068928,18496,kmjyruwednzdwdfztqbnhbaif??,105,2036430713
354068960,27589,iywaynxsurtpfohvjwqepxfif??,106,1953064561
354068992,40438,jqfitasjkenbqnjudkpbuznif??,101,1751542890
354069024,77735,ejlfhhnijiumolodbztvyblif??,100,1953462384
354069056,93530,dpxothnoruvrxpuwllsdvzlif??,106,1751479672
354069088,15620,jxuehisjuactfgixbuvssbsif??,113,1735162229
354069120,95862,quylgkwwhlapkoedsjcsovyif??,122,1868850792
354069152,74326,zhfdogryqpxqndzdttjabniif??,118,1936683379
354069184,28061,vsqoszscieakxqwnxpjrjmgif??,117,1802008169
354069216,22676,uivhkplzzzidffdivxllhnyif??,104,1987732834
354069248,15420,hbezvvtyjskkmibfhfafghhif??,116,1953917289
354069280,76630,tiivtxsvgfbwkppbkwwbecnif??,111,1685414250
354069312,37002,ojaudxxmyuehzybovkefgtwif??,122,1902799978
354069344,80433,zjljqqfohkkueouslinqyivif??,118,1802664558
354069376,4127,vnzrkefqncdvfwegixzgdrlif??,104,1752066157
354069408,84512,hmhnhhdvoiojxrvtxtgneiaif??,109,1769634167
354069440,10686,mwyzizeavobaaruukvskerxif??,116,1903587436
354069472,68799,tlpvqdqmincectjmlqlgboyif??,122,1768252792
354069504,35087,zxeeixdrgcsfihrxankvmxrif??,103,1952803958
354069536,27667,gvletfeekjqmdsjkohshpajif??,121,2020241007
354069568,5517,yonjxcemnfnchoslsgivzvfif??,112,1903393391
354069600,81803,pozsqqphsbgalfubdhilviyif??,112,1853253230
354069632,98487,pnfvnbevzklflyxrlactmvzif??,115,1786277220
354069664,98908,sdmxjwqyphmdyjzksrmobegif??,120,1869507433
354069696,94535,xiknoxxetjzoduhbfynjwsmif??,105,1650877808
354069728,65677,ipefbzflcjymmsjiomzovgsif??,117,1667720051
354069760,87996,uscgcgekwhywwezcpxkxcamif??,114,2037343606
354069792,71344,rveoyzxytrxcjrlsyapravoif??,101,1920296042
354069824,52662,ejdurtgvedroimkdmeyyuepif??,106,2020959082
354069856,48744,jjcuxcxgstdebfchokjjtmwif??,120,1852339062
354069888,7837,xvshnakiwiyaekfinphvmmnif??,104,2003662970
354069920,47756,hzxmwqndcsjyopzlfexdfwqif??,114,1768127080
354069952,8092,rhzciznesbybfbdqizpxouxif??,119,1734763375
354069984,39335,wocfgmzksinapcwakccyamoif??,104,1818912869
354070016,5361,hehjlhqgixkgknbsdjohwgwif??,121,1919776362
354070048,71931,yjvmrobklkozcklboecxmyaif??,120,1970564983
354070080,83897,xwotufgoxdthbzczbnqisgyif??,116,1835693665
354070112,3714,tavjmjjmnzwdvkkgbbvhruhif??,97,1651994988
354070144,63467,alqwblhwflwnxyznmabagliif??,115,1868982643
354070176,89488,ssifobiwiqbxgmvhqqjcqgxif??,103,1869310329
354070208,1251,gyikoewyuosvenitrwsjsxyif??,116,1886746485
354070240,33879,tuwupakansiiwxzrxxxzorvif??,121,1818519654
354070272,75544,yfhdloqapnxriuhwqfupzokif??,117,1784836726
354070304,96231,uvrbjleooryvgozjlvospjxif??,98,1752789101
354070336,14732,bmpyhhogzyfbonrwyihllumif??,109,2037146226
354070368,19889,mrblyzxwatxkkqccukgjzzaif??,103,1786013542
354070400,81662,gfgtjhljpicsrqrzkvadaxvif??,116,1852075126
354070432,5480,tvldnmnfpetjchkkfedqsstif??,102,1734961014
354070464,79359,fvgigumyypgctxaaimyxfabif??,109,1802724193
354070496,89348,macskynkxlhaqhybjnsxysyif??,98,1953785700
354070528,27551,bdgttyvxztiyalovpprmpynif??,107,1768841588
354070560,65155,ktanifztxwslpfvdbkmvwclif??,107,1786215027
354070592,5410,kszwjcbquucwqgkqcgvgyuvif??,99,1684107105
354070624,8301,caoadonnkmfzfojsusodvwbif??,110,1870296951
354070656,10580,nwwzolneaxltusvpqcbginwif??,122,1802134122
354070688,4628,zjbjkberrfmqjtepbdewtcsif??,122,1853516917
354070720,7797,zulznsjuovypvirxmleuilqif??,115,1668572522
354070752,16438,sjetcmgqhjhoustxhdtiogkif??,122,1736012388
354070784,6450,zdrygzkhndwjylvtvyrpmnmif??,112,2004449382
354070816,11840,pfxywrjhjlitjcosluxsxbvif??,102,1987016039
354070848,65457,fguovfxtxzsnqwlzblqrckzif??,110,1752589690
354070880,11568,nzevhhwtagaxbqyiemlnnhzif??,109,1937007716
354070912,63656,mddtsuebabttbopkmyqcatnif??,122,1735091303
354070944,16022,zgdkgiqwitoewmfsfnzduomif??,116,2054121070
354070976,18090,tnfozsypzocmxywtjzbsykyif??,115,1853450085
354071008,43479,segynboxwubighlpmsieitmif??,104,1969580646
354071040,18238,hfjeucrgptsfpbovlvzzftkif??,110,1819043957
354071072,59695,nuhllapagmdubrspvqcdkcvif??,114,2037609071
354071104,30701,rorsycpdsmflquqlxsngyjwif??,110,1920297594
354071136,21041,nzjurlzspmwpjpzydvuluapif??,103,1869249138
354071168,66646,grzjowdivskdcgocvzczeccif??,103,1634756711
354071200,78638,gghpasbglromorufzygopyqif??,109,1635346281
354071232,47649,migyaejaxhkcuqjxvosaxucif??,111,2037735783
354071264,90159,ogauyxzehdxxktbqjqhkompif??,105,2020700521
354071296,57967,iiqqxvjumohxphsdzdpyvxiif??,97,1852994423
354071328,16031,awsrnuvosmarnlgwkjoxpijif??,108,1785623672
354071360,7690,lxtnjfgpuynhxomblyswjmhif??,105,2053207925
354071392,3242,iuwazqaeyyvgxyhvuyyvnomif??,105,1768189049
354071424,53437,iyldihujieplycrdcdjbjwgif??,99,1701343849
354071456,13563,cirhexgphjahzymqabhgkhrif??,98,1786344037
354071488,55169,beryjrtccjekeyjzyedodvdif??,117,1936549991
354071520,90886,ughmssplluocxnfnknykkncif??,113,1769372020
354071552,22225,qtyvibkvdfwqxjaxnwxqkboif??,114,1952803687
354071584,71107,rgketcommgzjqswowhkzpqfif??,99,1936552564
354071616,2908,ctrmsbomlqcmdrocmgcgdorif??,110,1634892394
354071648,92338,njzraedhrjqqkhmmfjqbcebif??,109,1887006833
354071680,65079,mqpypmotopfljmmbmwcotopif??,100,1836212583
354071712,67872,dgarmlskjsplielyfcopjgbif??,116,1701475685
354071744,14508,teujegeyvybcwswwamtzhxgif??,97,1785426285
354071776,5605,amqkjulyqawkzzsihwlfetiif??,107,1836480120
354071808,12562,kxvvmilpjsykfkwfwnpjgmwif??,101,1920035434
354071840,1673,ejjqrkhilyknrddlccakkwsif??,100,2054318183
354071872,53401,dghrzvbnamnihaehqnckrnlif??,113,2003204216
354071904,10946,qxxfwvrnmirrxbnupdqehbcif??,108,1801942394
354071936,70529,lzugkwfcuutxxpulpfvcgskif??,107,1803051881
354071968,66268,kicxkugoqktmzpcgceyypwsif??,102,1835365737
354072000,56456,fiuemqirwcseplxsjbukwivif??,112,1786016869
354072032,55733,pettjeefjwjjojtfobrgmaxif??,118,1902999672
354072064,38173,vxxmqnqbcwlcankoairvlviif??,101,1702196852
354072096,2,etvuecptrykegeshelbnntfif??,115,1734767218
354072128,48853,srrfglnbgnbtruemoyajwsqif??,97,1953196660
354072160,70675,atjktjhqevhswtkjsoyyfbpif??,118,1701014393
354072192,49401,vykcejoliezshaikkvqcfovif??,111,1886745196
354072224,23471,olruphaehqmarkvnrpkprzmif??,107,2054321009
354072256,4921,kqsrzxolnxmzssuvkppwvgpif??,97,1903130989
354072288,77437,amyoqytvfqumkheveiimigeif??,100,1667525217
354072320,35456,dajdciynppsecqhmbyubwotif??,100,1852864110
354072352,96352,dnvpnmkicrocngywdmbohdjif??,108,1719235450
354072384,78404,lzsyfevckbbuqtavrfnvrcyif??,121,1785885793
354072416,65309,yatrjgwkfpijrawmwcgapcsif??,120,1870228857
354072448,71225,xymyodmuezrzzujyzapdxtaif??,102,1935958391
354072480,46235,fwadspdszyqxvbqzsgcgyfdif??,99,1802205281
354072512,62147,caxkkwrkdwzkugwgcjtpqfsif??,97,1952937072
354072544,40934,aptgtzhltwqvcslghrhhqhlif??,100,1802331238
354072576,1734,dfdmkagladcbevhaqgdbudnif??,119,1953919089
354072608,6834,wqpvtkaszxjsutvzfupvfqyif??,107,1769501556
354072640,39099,ktsxixcitbnxgsovxjoclgjif??,100,1769630311
354072672,90136,dgjzizwwmxqxrmnbrvfnohgif??,106,1634497908
354072704,38912,jtulaxisonsemgvynbeyuphif??,100,1835496814
354072736,46815,dnugmgfppxfkmmdrkpyxgiwif??,106,1920298095
354072768,6188,jolurnhsjkfwqxnccmhsojnif??,116,1651669607
354072800,67962,tgzrbdyzfieouvnbcxpbujbif??,109,1717860715
354072832,67996,mkydfkhaloirhdcehpyxtvfif??,118,1919646324
354072864,87561,vtzkrnhpkktimlzprpzjjaoif??,122,1869312884
354072896,25102,ztskowfjvgehcdvxwrolokcif??,100,2054580600
354072928,5662,dxivztxthulmsezryjwszpoif??,110,1668117105
354072960,45673,nqrmcwohlpjdpnihoyxxoprif??,107,1920628324
354072992,93341,kdvzryvfgwtiqpkzbnboednif??,108,1635082874
354073024,91383,lzbuaofggzwrvdaexevfsgfif??,100,1751283053
354073056,5215,dmubhxkdminfyasgiddakvyif??,122,2003466097
354073088,4496,zqwjwafkabhrutvdaxnqlqyif??,120,2019850873
354073120,8469,xyzdxzkbnhybpxxnzsbmfxuif??,105,2054387298
354073152,85202,ibvszzfmszixfilrxehdckdif??,108,2021027687
354073184,21030,lgovxzsidfudtcnlyhoiawkif??,120,2021094264
354073216,94545,xxswxatiwfirpjoomoepipxif??,114,1735751538
354073248,26132,rrwugqscugibadvzkzilfneif??,116,2003070580
354073280,89609,ttndwtnlponrxbdjezjkshqif??,112,1819504234
354073312,25856,pjnslhnyklgvyzusxmfdyizif??,111,1986164856
354073344,5740,oxxbvkekwscbadjrngrmzpwif??,117,2053402231
354073376,95303,uwndzvckzgtarvyvdyegkjwif??,117,1752721510
354073408,29691,ufhxhzkycvucrjhvcbfawoyif??,104,1734830451
354073440,42761,hsiggmwafxxkpdkpbsbdavyif??,103,2021224552
354073472,9973,ghpyxbjcuxrarocjdqzmjcbif??,106,2019910010
354073504,39942,jzaexcjmccikoopxzzijggrif??,106,1667589732
354073536,24998,jdfecywoarvosaxdezdtrsuif??,104,1651798888
354073568,46116,hhstbuflxxfpttayhlcuxioif??,102,1701344354
354073600,72318,fbthekhoplnfbpkkvyvmiyiif??,122,1954181492
354073632,58512,ztqztzmvfcdufrtghkpenamif??,111,1702521715
354073664,48670,oskzezlncjowvqvztpfgxbqif??,106,1768649826
354073696,32992,jbtkifphtebmahlvdilrnknif??,115,1651992940
354073728,34288,sliwbkaehzbrryaoybeyflfif??,111,2036693618
354073760,53938,orzeyrluewmfaxjzznqsvueif??,101,1752592500
354073792,81716,etpvhqlbrbtjihxtksteokcif??,119,2020304743
354073824,99860,wggkxviqbrfiyjbkyhywrsnif??,111,1718706543
354073856,79794,ooaqflelochdvmvepmmnrnpif??,117,1920298337
354073888,62880,uamurmkefvwqngfufulsvjiif??,121,1835169634
354073920,30096,ybwbmoznvtgtelvwdvdzuheif??,122,1936222314
354073952,4899,zjhhsqaxjadioybugfemmskif??,111,1751610985
354073984,60256,oivgheocntzxdzaevdxvhkhif??,119,1719101559
354074016,92986,wwhwflmlncizktweobvvcncif??,118,2037541732
354074048,4470,vdkryahgcidzwqodlfubgunif??,107,1718971243
354074080,16312,kkkufjrqdmftxoxkxqzsggmif??,100,1685486202
354074112,28532,dzzvdyybjgcysjnxhoqelvqif??,109,2037213286
354074144,20488,mfhmyzwinggfidalnfzgbdtif??,107,1702258038
354074176,83332,kveveupdbioydkbubmeizbwif??,105,2036493171
354074208,72138,iskbyhsgrrknosgbuulzwzsif??,122,2037018988
354074240,99745,zlqjyxudokhidngmhuorsluif??,108,1953784419
354074272,25629,lcbttlboxztqlrybxcrwboeif??,104,2004314488
354074304,75441,hxiwwxhqdfflehfwmkqqlnrif??,119,1936422502
354074336,7641,wfvksmwktjpormmjcytgvsjif??,115,1652192865
354074368,37330,savzbtobrusafioaxhdjltjif??,119,2037936233
354074400,13335,wipxypirgvthvqtibflblvmif??,110,1769366385
354074432,29167,nqcviiwqpswzoyjhnrrcdqxif??,101,2003330151
354074464,68975,egdhwgleimqkqzrrggrnhebif??,111,1851875955
354074496,19887,osbanjwztfzyaxvprubxlytif??,108,1818847084
354074528,97116,llgilerlboxkwayljhosrxaif??,105,2053925242
354074560,86986,izilzzpgkuvbhidseiqtnqbif??,117,1651341433
354074592,62239,uyxmbruiezccxcfnlxftzvuif??,99,2003788919
354074624,16536,cwdowvyatxvmpdgpvwslpwuif??,104,2003006062
354074656,90175,hnrcwaxdvfolyiounxravujif??,97,1851946083
354074688,89414,actbnjzttyknjpaovdheebbif??,108,1920365937
354074720,1641,lquvrmprjwcbfzedpejvptvif??,102,1835297146
354074752,50247,fzidmpwypnravtwdaslcepjif??,114,1902931575
354074784,69849,rwnlqqznxdvrcgxuvpqrjeuif??,115,1953921391
354074816,35620,soyvthroagidroktifldhueif??,104,1886025841
354074848,81524,hqxjpsgljsttfddpvabisunif??,97,1752392809
354074880,41714,aidshscaoldsutafmeejdeaif??,119,1953392481
354074912,38543,wagntfadqhocoylumvyyhjnif??,101,1684893306
354074944,42398,eznmdimbzvkpyihclpkgbgqif??,114,1969715063
354074976,24017,rwwguqdtxrkkxeutklhohfzif??,102,1650682989
354075008,85126,fmlcbssapesboqwmggsrypvif??,103,1752393590
354075040,87890,gvgshegvckrrmnxufhnwyomif??,122,1667785584
354075072,87782,zpchcpuywzuddnifmdyfekgif??,107,1718838885
354075104,28734,kefsfchmdzvwxxsjmoomdeeif??,121,1734828900
354075136,90892,ydcggpacghgrerydypfxvnnif??,113,2004314733
354075168,41626,qmjwwgwrdnzdqtgoaktzfpiif??,118,1668572280
354075200,88458,vxdtcnmaearfaelpggyuqvvif??,109,1769103728
354075232,21760,mpariplisepxgeblllhspukif??,117,2003791217
354075264,79175,uqmowklffvltrebbwjppwliif??,120,1952544610
354075296,23529,xbwatdhmuboqcwsvruypyudif??,104,1650811761
354075328,9842,hqcebplgbygskwhcxeeyjnpif??,111,1635082867
354075360,34792,osbualkpeuceqajwxaobsiwif??,104,1735419768
354075392,6388,hxgpgelduftdswuqexdrnuqif??,111,1970632801
354075424,55854,oaxuuwfjehffzhudxcityueif??,114,1702394477
354075456,66304,rmzxeazrfpmrtikavxiubyrif??,108,1935766393
354075488,5198,lysashnaulhfgqqdnvhwelyif??,100,1668446563
354075520,12968,dcyrcdzbkaeyvhcjuluicfrif??,122,1667524203
354075552,40447,zkfdcpzogmwpdvybyuqljnxif??,102,1702460007
354075584,78606,fgzyevubkfthleubfdldydnif??,108,1836415094
354075616,6104,lvxumkykluqnhpnepcezzmnif??,104,1954048889
354075648,84181,hykxtkdsavihrdtnpbjaotmif??,122,2053731433
354075680,24221,zitizxtxeftbhofdonenwdqif??,106,1701737325
354075712,22515,jmsnersonunlrjucgzwvuayif??,101,2004119413
354075744,20596,euotwgwhffwldmjxctkwaatif??,115,1734632562
354075776,41477,srddgjfsjnhqvouhduqqsxkif??,99,2053928554
354075808,77075,cjvlzympesoxrvezmllsazrif??,108,1819242869
354075840,68222,luqolotmcdbfoidfyrxcgbxif??,104,1668314465
354075872,4857,haupcrkeeksxglhbampcnpyif??,108,1903521383
354075904,30140,lgnuquiuefluwwqujpaoxyhif??,99,1819965026
354075936,31958,cbvzltqxsgfrissgclbibqjif??,115,1835756130
354075968,96728,sbjkmvzseucojnqttbeeafdif??,98,1868657783
354076000,58410,bwtaohloggkmfthqqilopetif??,102,1752657764
354076032,89210,fdowhsgnhqvkdukvoblvnhxif??,117,1734768225
354076064,10182,uavfguonrbnokvypxxuxzgjif??,111,1701279861
354076096,71558,ouxgefakveufanqubesjoynif??,118,1902734698
354076128,21202,vjmiqmntjzesorfydmitzphif??,100,1853320037
354076160,26006,dekwnhnouimdtkqcyichsjrif??,117,1801876088
354076192,17995,uxrfkakdwbntltqwzyxpvxxif??,113,2019648374
354076224,74181,qvcaxgiheyzyyazbbgsszhhif??,99,1634231917
354076256,71592,cmfhaverjpqyeexvvbjqltfif??,107,1870293348
354076288,15972,kdizozpbqxvsnucmclgneaqif??,117,1685286505
354076320,76793,uinsdshhjcqzysiivkxyxeqif??,107,1667594600
354076352,48524,khyeclrhzdeizkgtdwonywoif??,112,1818780521
354076384,82412,pichlzxpukcttnqihcjyffrif??,107,1818325615
354076416,35311,koralocsvnvgizhztwtmmswif??,97,1852662129
354076448,52301,aqamndfvwtmrgromkzxfbafif??,105,1735025765
354076480,35117,iedjgibadsjwuwnttxydaovif??,121,1769038457
354076512,26280,yybqicvuqdwyqomuipitslqif??,121,1718842986
354076544,73279,yjvsfmqrcxheuosxtpprhpcif??,107,1667327585
354076576,19820,kafaczivebnhhsdllmsyejgif??,121,1969452659
354076608,77299,ysvcuvwliecmzpcuxcwonwiif??,99,1953260917
354076640,74703,cueltuxhilgmgtkshytlmtuif??,116,1667522920
354076672,70452,thadcussfxoqlugyatzlbhvif??,114,1668050298
354076704,87178,rzmlccknxbdzsdejdlyahdvif??,102,1937402215
354076736,98340,fgizsnwkrcwjgcksioidutyif??,118,1986225528
354076768,8929,vxecvibvrabqyqrmbuqmjltif??,101,1718316654
354076800,33577,ennkfyycynjkequqodjsgovif??,121,1651864162
354076832,32065,ybrubytsmfhwqernjsgzbbvif??,103,1986618986
354076864,13856,gjfivjufkuinipapnjevgoeif??,112,1853322356
354076896,70276,pttwnsyhdydoovgotztwdnrif??,107,1869641078
354076928,54545,kvupodogvcfrqybvmdabzqsif??,100,2003788656
354076960,47029,dpcowszsqdqvgyxuvwgfssjif??,102,1852663658
354076992,79296,fjgmnylmbztmadttancpaznif??,119,1735224945
354077024,81100,wqnmgxlejcysuzzdvrhixsbif??,113,1702064241
354077056,57884,qqpseldzvcwssptsneiblmwif??,110,1702328937
354077088,85654,nizwejphtsbdtauzqryqqlpif??,120,1903261797
354077120,95799,xexqqeieytaxxotzjhnzkhkif??,97,1785820514
354077152,22388,abuqjkkdgqcscbuozaqsoxyif??,117,1818324595
354077184,10291,usnalwajfpmqmwlwcaagbbbif??,112,1751282542
354077216,61181,pnsbhrxilrxbztrbstfabfoif??,101,1802070392
354077248,3668,exiikadxvmkbksbmxqfcoxbif??,103,1751805800
354077280,20738,ghojhafrlgacqglqniyimmyif??,113,1685285990
354077312,3831,qflsdlsvnudxmrgasxfcyigif??,103,1735815026
354077344,30701,grovgacvrevpizwsaufxewtif??,100,1902605173
354077376,13822,dusgqoiyxwfpkojvlaibtsxif??,118,1986815847
354077408,77286,vgglvwxyuumhzsxtechffjvif??,97,1852862316
354077440,87782,alopnupavnfpbllpijcagefif??,102,1651139699
354077472,93299,fsdjbqtasbgtcutrrqrshnjif??,116,1684500086
354077504,67638,tvngdniduzpopqutoicaznjif??,101,2020896375
354077536,95546,ewntxegpsdvpdswnqiplgzjif??,103,1902863218
354077568,68949,grckqqgajehpjpgywvdyxcsif??,122,1785098361
354077600,92070,zypfjjxsybtobxkxvcevwbmif??,98,1885563237
354077632,85240,beicpiujdfbsujlihfkpheaif??,97,1752525922
354077664,66147,abluhmexsewnxybfejackjsif??,102,2054255225
354077696,81398,fyrqzmycdxpbawuxgdxidzsif??,97,1936352109
354077728,62855,amcjsobtcyudahrgybkrrliif??,116,1786080874
354077760,80442,tjnujiacakanttoacykaruzif??,120,1752201830
354077792,32783,xfzphmfeahaoifuobtorypcif??,109,1736013425
354077824,74643,mqvygselprkshppchsthghoif??,105,1902666874
354077856,57154,izdhqjbgkticxdjxvsxazkdif??,120,1634103919
354077888,76491,xorfabpttkzrpuvfqvydudaif??,119,1650549108
354077920,39989,wtaabfgieubmivnssrnbtdnif??,122,1969317742
354077952,76977,zngaudsbilpsbkaqftnizihif??,115,2019981933
354077984,55883,smzfxmzyakiqbordjpdvnaiif??,116,1668249964
354078016,73140,tlyoctxpqouevmefjmpcfgeif??,104,1852466281
354078048,93015,hidjngmzykzcdisbitryblyif??,116,1701145461
354078080,16846,tukeevcexmkxagpzpcayrszif??,117,1702525042
354078112,72545,urxzenndxgkqigasjeujbvvif??,108,1668246895
354078144,79801,lomochexaqaughekuvmwjnaif??,110,1819634796
354078176,60067,nllulkfvrmvzevpmxibubndif??,109,2020699769
354078208,88514,mynqxyhvejmfdpkxdtcqwznif??,97,1919448941
354078240,62318,amwhrwwaljapgkfwbfrduhbif??,106,2002938220
354078272,79993,jlibwdjqrgqunjdcrpigdvzif??,108,1953658467
354078304,62797,lcvrtquurxxrptukeizpwkwif??,98,1786276457
354078336,92225,bijxjwswnvenaqkpdpvrghzif??,119,2020309089
354078368,20804,waxkxtxeoumzbnhbymdaeymif??,114,1650683762
354078400,54761,rrocbqgdswyniwakcjsubqgif??,108,1902999417
354078432,30325,lywmqgtfzgfqvdvbzvpinkbif??,109,1685155172
354078464,65527,mdmqdozqgbyxgyqovexdeqtif??,121,1768646768
354078496,24257,yphkilozydcxlgcedoiesvzif??,98,1718774648
354078528,5597,bxkrfbmsmwyimkhqwcndvdxif??,116,1667654000
354078560,39527,tpafcylscstkeizxrnvgnksif??,101,1903850618
354078592,69674,eztzqrsxyixmgcfjmwdwsmyif??,119,1919775587
354078624,53387,wcsmrlqhedxjfwmxkqyotsoif??,120,1768651381
354078656,47230,xuzkiyibehgemxpbyuoktxoif??,120,1835426924
354078688,38805,xldfmoijazhakcnxifkayfbif??,109,1650946421
354078720,37563,muqgbynunsnjvlmuaazsjhxif??,104,2037805942
354078752,81812,hvsvypereizbovcakjryhdgif??,120,1835429238
354078784,38580,xvmfmscouqunatywrnaixxhif??,112,1818520419
354078816,47039,pckdloyhvqkaevjuykqablvif??,111,2037015397
354078848,74117,oecjyhcbhihvpsqekbxzlugif??,120,1801937525
354078880,3447,xubgkbidqyfwbiukbfdplauif??,103,1700947058
354078912,34366,grdbeessahwxknsmbiotrmfif??,114,1752721005
354078944,9355,rmfxhfyuobrxkueainqhxwoif??,104,2053796722
354078976,6235,hrsjzvtpsyspwdoyutxjlqxif??,106,1818717540
354079008,18809,jdmglrvazpewdgqjqwajhluif??,122,1853055329
354079040,90740,zaasnintksedxjilrytloycif??,110,1717661810
354079072,76877,nrpaflulugugicwaogfwwucif??,105,1702259314
354079104,26894,irjveeioasgrbhmwhpuxsmsif??,97,2020830572
354079136,22184,almsxgnzcwsftjmxmqlqffdif??,122,1869701481
354079168,68268,ziaqocezvqdgxfalbmxwtcsif??,101,2053468528
354079200,97535,epqezunquteprvvtudcprlwif??,101,1684240225
354079232,71076,eawcdiayasjewnpfljycwjdif??,109,1718510704
354079264,56958,mpdnffkdpqsjqobetueqbyzif??,101,1986099045
354079296,85617,eewavfnusywcirglypbreniif??,109,1852209255
354079328,37513,mgxfnjlxxckmtorlzjbdtdjif??,109,1987275877
354079360,86178,melsvmqzpnnattoxzddjnmmif??,104,1701668212
354079392,31327,htemeuxvuzgriyhmwxjewjzif??,113,2004122215
354079424,47213,qgztwtrcuhtiniplxvfahxnif??,116,1769501807
354079456,16026,totxiilfwilkizjvexcdwuiif??,118,2020568947
354079488,26947,vsooxoduthlikmtfwvffngwif??,97,1685219436
354079520,9878,alhrdnurrngxtnmxldnxjoaif??,110,2054775924
354079552,61247,ntdyzjromvyuoefcqfftosqif??,118,1920497776
354079584,15597,vpxxrajwhnwujehkhgaxhsaif??,114,1786083946
354079616,51485,rjzujnzeemnaftguqlvczolif??,113,1818911847
354079648,26300,qgdjlpmxtfjcqrdivwjkaqlif??,105,1634362486
354079680,3013,ivdjauduzsacmkapaoluzrkif??,109,2053271909
354079712,92293,meqbzzeeevwskuizopzkbteif??,105,1852471393
354079744,30306,iaxjnotoymlglmflvrervddif??,104,1735812986
354079776,49041,hzgvgnorcbturdxggnxnafyif??,107,1634558832
354079808,14547,kpcmadgikvqyojndstwipgoif??,104,1970501995
354079840,89648,hkysuzxfxkelfnnjbzazhnsif??,110,1986753902
354079872,12541,nnukvnguiywecxdypeptamaif??,119,2020827761
354079904,35552,wqbsxixhlwvibsbobmtzecmif??,114,1853321846
354079936,64602,rvrwnuycwbslosuslsssfryif??,107,1886940779
354079968,51047,kknxpdspwigmbgcvjufvkvnif??,106,1734636921
354080000,57296,jyudgnbcrrzwgrqnrqehvqtif??,122,1685743457
354080032,91454,zagzdcisyrzqlyjdrqywzqyif??,105,1635087731
354080064,42946,isuuangxjjkslxkrrdfoqahif??,106,1869901163
354080096,5644,jkmtoqxosvddqrsifanrzpwif??,112,1919970157
354080128,82332,pmkprdbllaawtsyefbhsbuyif??,115,2003200879
354080160,26891,sokfwqeffgpubtoxpvuoxcyif??,101,1852663920
354080192,44559,ephmnlhkohwliponpthlwfkif??,121,2054319969
354080224,24586,yaorzgqiiadddeilxzggapvif??,98,1785423985
354080256,83961,bqhkjkqacinqjmvkptzladqif??,114,1735290741
354080288,80975,ruonggiejrotwnozfkihlysif??,105,1801615471
354080320,5375,ioxbkeuvbnjeoybcwmfpbhfif??,114,1769368679
354080352,18744,rglvioijgsudylwnrhcjuxoif??,107,1667721338
354080384,98713,kzhgcgptpjzgswryzhmzthnif??,97,1936094318
354080416,4349,antfsfquxmgjdjixojtxhhcif??,110,2004116090
354080448,44841,nzbtwrbspbuummbetjtlxdkif??,116,1685417826
354080480,63093,tboudquedvhalxttnkoxtfkif??,98,1970763129
354080512,78537,byuwuigsvfejicckhggthbuif??,101,1734833781
354080544,33107,euvggqsyzaaammptdxbhoqtif??,103,1668834159
354080576,30879,gocxcouropewvukdnkchvnaif??,110,1818784113
354080608,79469,nqqhltapzywbrlhgotlxnbgif??,98,1969846376
354080640,39727,bhxiuwgunfsxsmpuyjykrwkif??,107,1685742200
354080672,84856,kxbzdukwgahdxuyglivzbpoif??,99,1769039734
354080704,12397,cvgqibcxoeoezturevegsxcif??,122,2021091425
354080736,66546,zahwxibcpqxbkerlslaymsfif??,107,2037605224
354080768,50924,khcsymlnohwakzxllpnkielif??,108,1650751845
354080800,7965,leydbozcmpbmwbqamvtoozgif??,115,1886615919
354080832,57015,soyspbztrltmmuxhiytcessif??,121,1986949739
354080864,81475,ykrnvwhspvxtxtxmdkiqcxxif??,121,1870296438
354080896,54939,yvuzorlabnqucazwbgcpusrif??,100,1634629473
354080928,52636,dawnawnvfjsccnxygfwywikif??,119,1768318051
354080960,75198,wcdfipeahytuakgptdmyofiif??,111,2003989867
354080992,13769,okurwrhzmbotcgctbreknqtif??,97,2003003500
354081024,87312,alhcwzomysfcjfktiutmfiaif??,110,1752136046
354081056,70235,nnyohzceiwdxmvlalwuyjdrif??,122,1702001262
354081088,31644,znzreqpjcmegjyhlreoeambif??,98,1634103913
354081120,23764,birfaxebjodhnxayenkpganif??,113,1768317795
354081152,45690,qccfiwiwfebvmrbxthitkagif??,113,2054055270
354081184,53257,qfenziykclvjdmkyzzqbxewif??,113,1718511718
354081216,98498,qfhnfmbyczfrobscmftzjnbif??,114,1935831916
354081248,17506,rlsbsovtgxsmzguvoojvzxlif??,110,1852663909
354081280,7840,nehmnnywjcusovdkezmubnjif??,115,1668966503
354081312,28191,sghzcaqoyrpyytefqztbbvkif??,104,1634693476
354081344,40481,hdqoaqltidtwfhrfvpzslajif??,100,1919904357
354081376,58871,dejorbmkbukuewwyzfdpudmif??,104,1802005092
354081408,94343,hdjhkyfvbgnjrakkoktlpihif??,97,1734965612
354081440,89087,alyigelrtdjwzdhudknviwjif??,118,1903649132
354081472,4734,vlawqistmnuqeqkximcygriif??,103,1970957162
354081504,61254,gjkzuwqefuogoevrxlspwguif??,104,1819240551
354081536,66154,hgholagomzkwbqupgihbbzsif??,109,1751938928
354081568,87000,mpwlhglzwnyeapqzawaxxaaif??,111,1634626930
354081600,95579,ormnaurvmsztqymlkpsnhwpif??,107,1852863333
354081632,9126,kespnezoczibfluaiynnqvdif??,122,1986618221
354081664,86464,zmcivjmvwanramrwygbqzoxif??,104,1970892133
354081696,99776,hemyucpkopdzwssjhuuxlqdif??,103,1919707752
354081728,18581,ghjlrpttugfvisndhjtlpdbif??,109,1701014644
354081760,82877,mtlcelnvraqvcinjqzesdduif??,120,1986290541
354081792,88793,xmcdvocnuuirpklwjsonpgbif??,104,1735157615
354081824,93592,hoglgwlohsstpyfelusapvjif??,110,1801808230
354081856,78239,nfiekmcrxuizkqlwhtzujfpif??,116,1970042723
354081888,80696,tcwluddxnhxchxgzumshmmwif??,115,1970889833
354081920,4288,sidyuncgvkamimftfxvmvhyif??,110,1818912116
354081952,64044,ntejlbmfsiuffpvhjqsuaufif??,102,1903256950
354081984,4171,fveqqtpwwkikvjhvwjtxveiif??,105,1952607339
354082016,22704,iklbtbvljnwcqerenaifeyuif??,117,1752396644
354082048,15098,udsshssbwknvdpzqpqlytrxif??,73,86287
